plot_order,aa,codon,custom_1,custom_2,custom_3,custom_4
1,A,AAA,wt,wt,wt,wt
2,C,AAC,A,AAA,F,GCA
3,D,AAG,C,AAC,wt,GCC
4,E,AAT,D,AAG,Y,GCG
5,F,ACA,E,AAT,I,GCT
6,G,ACC,F,ACA,L,TGC
7,H,ACG,G,ACC,V,TGT
8,I,ACT,H,ACG,M,GAC
9,K,AGA,I,ACT,P,GAT
10,L,AGC,K,AGA,A,GAA
11,M,AGG,L,AGC,G,GAG
12,N,AGT,M,AGG,C,TTC
13,P,ATA,N,AGT,N,TTT
14,Q,ATC,P,ATA,Q,GGA
15,R,ATG,Q,ATC,S,GGC
16,S,ATT,R,ATG,T,GGG
17,T,CAA,S,ATT,K,GGT
18,V,CAC,T,CAA,R,CAC
19,W,CAG,V,CAC,H,CAT
20,Y,CAT,W,CAG,D,ATA
21,,CCA,Y,CAT,E,ATC
22,,CCC,*,CCA,*,ATT
23,,CCG,,CCC,,AAA
24,,CCT,,CCG,,AAG
25,,CGA,,CCT,,CTA
26,,CGC,,CGA,,CTC
27,,CGG,,CGC,,CTG
28,,CGT,,CGG,,CTT
29,,CTA,,CGT,,TTA
30,,CTC,,CTA,,TTG
31,,CTG,,CTC,,ATG
32,,CTT,,CTG,,AAC
33,,GAA,,CTT,,AAT
34,,GAC,,GAA,,CCA
35,,GAG,,GAC,,CCC
36,,GAT,,GAG,,CCG
37,,GCA,,GAT,,CCT
38,,GCC,,GCA,,CAA
39,,GCG,,GCC,,CAG
40,,GCT,,GCG,,AGA
41,,GGA,,GCT,,AGG
42,,GGC,,GGA,,CGA
43,,GGG,,GGC,,CGC
44,,GGT,,GGG,,CGG
45,,GTA,,GGT,,CGT
46,,GTC,,GTA,,AGC
47,,GTG,,GTC,,AGT
48,,GTT,,GTG,,TCA
49,,TAA,,GTT,,TCC
50,,TAC,,TAC,,TCG
51,,TAG,,TAT,,TCT
52,,TAT,,TCA,,ACA
53,,TCA,,TCC,,ACC
54,,TCC,,TCG,,ACG
55,,TCG,,TCT,,ACT
56,,TCT,,TGC,,GTA
57,,TGA,,TGG,,GTC
58,,TGC,,TGT,,GTG
59,,TGG,,TTA,,GTT
60,,TGT,,TTC,,TGG
61,,TTA,,TTG,,TAC
62,,TTC,,TTT,,TAT
63,,TTG,,TAA,,TAA
64,,TTT,,TAG,,TAG
65,,,,TGA,,TGA